<keymap version="1" name="Default copy" parent="$default">
  <action id="$Copy">
    <keyboard-shortcut first-keystroke="ctrl insert" />
    <keyboard-shortcut first-keystroke="alt c" />
  </action>
  <action id="$Cut">
    <keyboard-shortcut first-keystroke="shift delete" />
    <keyboard-shortcut first-keystroke="alt x" />
  </action>
  <action id="$Paste">
    <keyboard-shortcut first-keystroke="shift insert" />
    <keyboard-shortcut first-keystroke="alt v" />
  </action>
  <action id="$SelectAll">
    <keyboard-shortcut first-keystroke="alt a" />
  </action>
  <action id="Back">
    <keyboard-shortcut first-keystroke="ctrl alt left" />
    <mouse-shortcut keystroke="button4" />
    <keyboard-shortcut first-keystroke="alt open_bracket" />
  </action>
  <action id="CompareDirs" />
  <action id="CompareTwoFiles" />
  <action id="DatabaseView.ShowDiff" />
  <action id="Diff.ShowDiff">
    <keyboard-shortcut first-keystroke="alt d" />
  </action>
  <action id="Editor Copy">
    <keyboard-shortcut first-keystroke="alt c" />
  </action>
  <action id="Editor Cut">
    <keyboard-shortcut first-keystroke="alt x" />
  </action>
  <action id="Editor Paste">
    <keyboard-shortcut first-keystroke="alt v" />
  </action>
  <action id="Editor SelectAll">
    <keyboard-shortcut first-keystroke="alt a" />
  </action>
  <action id="EditorCodeBlockEnd" />
  <action id="EditorCodeBlockStart" />
  <action id="EditorDeleteLine">
    <keyboard-shortcut first-keystroke="alt y" />
  </action>
  <action id="EditorDuplicate">
    <keyboard-shortcut first-keystroke="alt d" />
  </action>
  <action id="EditorSelectWord">
    <keyboard-shortcut first-keystroke="alt w" />
  </action>
  <action id="FileChooser.TogglePathShowing">
    <keyboard-shortcut first-keystroke="alt p" />
  </action>
  <action id="Find">
    <keyboard-shortcut first-keystroke="alt f3" />
    <keyboard-shortcut first-keystroke="alt f" />
  </action>
  <action id="Forward">
    <keyboard-shortcut first-keystroke="ctrl alt right" />
    <mouse-shortcut keystroke="button5" />
    <keyboard-shortcut first-keystroke="alt close_bracket" />
  </action>
  <action id="GotoDeclaration">
    <mouse-shortcut keystroke="control button1" />
    <mouse-shortcut keystroke="button2" />
    <keyboard-shortcut first-keystroke="alt b" />
  </action>
  <action id="GotoLine">
    <keyboard-shortcut first-keystroke="alt g" />
  </action>
  <action id="GotoSuperMethod">
    <keyboard-shortcut first-keystroke="alt u" />
  </action>
  <action id="ImplementMethods">
    <keyboard-shortcut first-keystroke="alt i" />
  </action>
  <action id="RecentFiles">
    <keyboard-shortcut first-keystroke="alt e" />
  </action>
  <action id="Replace">
    <keyboard-shortcut first-keystroke="alt r" />
  </action>
  <action id="SaveAll">
    <keyboard-shortcut first-keystroke="alt s" />
  </action>
  <action id="SendEOF">
    <keyboard-shortcut first-keystroke="alt d" />
  </action>
  <action id="TodoViewGroupByFlattenPackage">
    <keyboard-shortcut first-keystroke="alt f" />
  </action>
  <action id="TypeHierarchy">
    <keyboard-shortcut first-keystroke="alt h" />
  </action>
  <action id="Vcs.ShowMessageHistory">
    <keyboard-shortcut first-keystroke="alt m" />
  </action>
  <action id="Vcs.UpdateProject">
    <keyboard-shortcut first-keystroke="alt t" />
  </action>
</keymap>